        ,Chunk 1             ,Chunk 2
Chunk 1 ,0.0                 ,0.15997143599069752
Chunk 2 ,0.15997143599069752 ,0.0
